{"cameraMode":{"drawMode":0,"name":"Shaded","section":"Shading Mode"},"sceneLighting":true,"audioPlay":false,"sceneViewState":{"showFog":true,"showMaterialUpdate":false,"showSkybox":true,"showFlares":true,"showImageEffects":true,"showParticleSystems":true},"in2DMode":false,"pivot":{"x":0.06155204772949219,"y":1.882588505744934,"z":0.15508323907852174},"rotation":{"x":-0.1487625241279602,"y":0.7161154747009277,"z":-0.16074621677398683,"w":-0.6627287864685059},"size":2.257474422454834,"orthographic":false}